fold,val_losses,val_accuracies
0,"[tensor(0.0146), tensor(0.0363), tensor(0.0363), tensor(0.0226)]","[0.8142523364485982, 0.8130841121495327, 0.8271028037383178, 0.8329439252336449]"
1,"[tensor(0.0203), tensor(0.0228), tensor(0.0521), tensor(0.0360)]","[0.8820093457943925, 0.8773364485981309, 0.8644859813084113, 0.8691588785046729]"
2,"[tensor(0.0150), tensor(0.0395), tensor(0.0267), tensor(0.0274)]","[0.8935672514619883, 0.8912280701754386, 0.8736842105263158, 0.8736842105263158]"
3,"[tensor(0.0352), tensor(0.0166), tensor(0.0140), tensor(0.0196), tensor(0.0206), tensor(0.0385)]","[0.9134502923976608, 0.9111111111111111, 0.8994152046783626, 0.9134502923976608, 0.8888888888888888, 0.8994152046783626]"
4,"[tensor(0.0098), tensor(0.0134), tensor(0.0103), tensor(0.0132)]","[0.9345029239766082, 0.9146198830409357, 0.9076023391812865, 0.9122807017543859]"
